Datetime,total_rainfall_harian,state
2019-01-01,4.8,Berawan
2019-01-02,1.8,Berawan
2019-01-03,0.0,Berawan
2019-01-04,0.0,Berawan
2019-01-05,7.4,Hujan Ringan
2019-01-06,0.0,Berawan
2019-01-07,0.0,Berawan
2019-01-08,29.8,Hujan Sedang
2019-01-09,5.6,Hujan Ringan
2019-01-10,0.0,Berawan
2019-01-11,63.4,Hujan Lebat
2019-01-12,0.0,Berawan
2019-01-13,83.4,Hujan Lebat
2019-01-14,5.2,Hujan Ringan
2019-01-15,11.2,Hujan Ringan
2019-01-16,6.2,Hujan Ringan
2019-01-17,0.2,Berawan
2019-01-18,13.4,Hujan Ringan
2019-01-19,0.6000000000000001,Berawan
2019-01-20,1.8,Berawan
2019-01-21,35.4,Hujan Sedang
2019-01-22,6.4,Hujan Ringan
2019-01-23,0.2,Berawan
2019-01-24,4.4,Berawan
2019-01-25,17.400000000000002,Hujan Ringan
2019-01-26,0.2,Berawan
2019-01-27,14.0,Hujan Ringan
2019-01-28,4.4,Berawan
2019-01-29,3.0,Berawan
2019-01-30,0.0,Berawan
2019-01-31,0.4,Berawan
2019-02-01,16.6,Hujan Ringan
2019-02-02,0.2,Berawan
2019-02-03,2.0,Berawan
2019-02-04,9.600000000000001,Hujan Ringan
2019-02-05,18.6,Hujan Ringan
2019-02-06,0.6000000000000001,Berawan
2019-02-07,20.0,Hujan Ringan
2019-02-08,0.4,Berawan
2019-02-09,3.8000000000000003,Berawan
2019-02-10,16.2,Hujan Ringan
2019-02-11,0.2,Berawan
2019-02-12,12.6,Hujan Ringan
2019-02-13,0.0,Berawan
2019-02-14,0.6000000000000001,Berawan
2019-02-15,1.2000000000000002,Berawan
2019-02-16,54.6,Hujan Lebat
2019-02-17,0.4,Berawan
2019-02-18,0.2,Berawan
2019-02-19,11.4,Hujan Ringan
2019-02-20,0.0,Berawan
2019-02-21,0.0,Berawan
2019-02-22,29.2,Hujan Sedang
2019-02-23,0.0,Berawan
2019-02-24,88.4,Hujan Lebat
2019-02-25,0.0,Berawan
2019-02-26,0.0,Berawan
2019-02-27,1.7999999999999998,Berawan
2019-02-28,0.0,Berawan
2019-03-01,22.400000000000002,Hujan Sedang
2019-03-02,1.6,Berawan
2019-03-03,3.4000000000000004,Berawan
2019-03-04,35.0,Hujan Sedang
2019-03-05,0.8,Berawan
2019-03-06,5.4,Hujan Ringan
2019-03-07,0.0,Berawan
2019-03-08,1.2000000000000002,Berawan
2019-03-09,34.0,Hujan Sedang
2019-03-10,1.0,Berawan
2019-03-11,7.2,Hujan Ringan
2019-03-12,4.0,Berawan
2019-03-13,1.8,Berawan
2019-03-14,0.0,Berawan
2019-03-15,1.2000000000000002,Berawan
2019-03-16,1.0,Berawan
2019-03-17,51.2,Hujan Lebat
2019-03-18,0.2,Berawan
2019-03-19,0.4,Berawan
2019-03-20,0.0,Berawan
2019-03-21,5.6000000000000005,Hujan Ringan
2019-03-22,33.4,Hujan Sedang
2019-03-23,0.2,Berawan
2019-03-24,4.4,Berawan
2019-03-25,49.4,Hujan Sedang
2019-03-26,13.2,Hujan Ringan
2019-03-27,5.6000000000000005,Hujan Ringan
2019-03-28,0.2,Berawan
2019-03-29,0.2,Berawan
2019-03-30,0.0,Berawan
2019-03-31,2.6,Berawan
2019-04-01,1.2,Berawan
2019-04-02,0.2,Berawan
2019-04-03,0.0,Berawan
2019-04-04,5.6,Hujan Ringan
2019-04-05,0.0,Berawan
2019-04-06,0.6000000000000001,Berawan
2019-04-07,0.0,Berawan
2019-04-08,1.0,Berawan
2019-04-09,0.2,Berawan
2019-04-10,0.0,Berawan
2019-04-11,0.0,Berawan
2019-04-12,53.2,Hujan Lebat
2019-04-13,15.0,Hujan Ringan
2019-04-14,0.0,Berawan
2019-04-15,0.8,Berawan
2019-04-16,0.2,Berawan
2019-04-17,0.0,Berawan
2019-04-18,42.2,Hujan Sedang
2019-04-19,50.4,Hujan Lebat
2019-04-20,13.4,Hujan Ringan
2019-04-21,7.0,Hujan Ringan
2019-04-22,9.6,Hujan Ringan
2019-04-23,22.400000000000002,Hujan Sedang
2019-04-24,3.6,Berawan
2019-04-25,21.599999999999998,Hujan Sedang
2019-04-26,2.2,Berawan
2019-04-27,0.2,Berawan
2019-04-28,0.0,Berawan
2019-04-29,0.0,Berawan
2019-04-30,0.2,Berawan
2019-05-01,0.0,Berawan
2019-05-02,0.2,Berawan
2019-05-03,0.0,Berawan
2019-05-04,0.0,Berawan
2019-05-05,8.4,Hujan Ringan
2019-05-06,0.0,Berawan
2019-05-07,0.0,Berawan
2019-05-08,0.2,Berawan
2019-05-09,0.0,Berawan
2019-05-10,0.0,Berawan
2019-05-11,28.2,Hujan Sedang
2019-05-12,2.8000000000000003,Berawan
2019-05-13,0.0,Berawan
2019-05-14,1.0,Berawan
2019-05-15,42.4,Hujan Sedang
2019-05-16,0.0,Berawan
2019-05-17,0.0,Berawan
2019-05-18,0.0,Berawan
2019-05-19,0.0,Berawan
2019-05-20,2.2,Berawan
2019-05-21,0.2,Berawan
2019-05-22,0.0,Berawan
2019-05-23,0.0,Berawan
2019-05-24,6.6000000000000005,Hujan Ringan
2019-05-25,0.0,Berawan
2019-05-26,0.0,Berawan
2019-05-27,0.0,Berawan
2019-05-28,0.0,Berawan
2019-05-29,0.0,Berawan
2019-05-30,0.2,Berawan
2019-05-31,4.800000000000001,Berawan
2019-06-01,0.0,Berawan
2019-06-02,0.0,Berawan
2019-06-03,0.0,Berawan
2019-06-04,0.0,Berawan
2019-06-05,0.0,Berawan
2019-06-06,0.0,Berawan
2019-06-07,3.8,Berawan
2019-06-08,0.6000000000000001,Berawan
2019-06-09,2.2,Berawan
2019-06-10,0.4,Berawan
2019-06-11,0.0,Berawan
2019-06-12,0.0,Berawan
2019-06-13,0.0,Berawan
2019-06-14,0.0,Berawan
2019-06-15,39.0,Hujan Sedang
2019-06-16,13.6,Hujan Ringan
2019-06-17,0.2,Berawan
2019-06-18,0.0,Berawan
2019-06-19,0.0,Berawan
2019-06-20,0.0,Berawan
2019-06-21,0.0,Berawan
2019-06-22,1.8,Berawan
2019-06-23,0.0,Berawan
2019-06-24,0.0,Berawan
2019-06-25,0.0,Berawan
2019-06-26,0.0,Berawan
2019-06-27,0.0,Berawan
2019-06-28,0.0,Berawan
2019-06-29,0.0,Berawan
2019-06-30,0.0,Berawan
2019-07-01,0.0,Berawan
2019-07-02,3.0,Berawan
2019-07-03,0.0,Berawan
2019-07-04,24.0,Hujan Sedang
2019-07-05,16.0,Hujan Ringan
2019-07-06,28.0,Hujan Sedang
2019-07-07,25.0,Hujan Sedang
2019-07-08,8.0,Hujan Ringan
2019-07-09,0.0,Berawan
2019-07-10,1.0,Berawan
2019-07-11,0.0,Berawan
2019-07-12,0.0,Berawan
2019-07-13,0.0,Berawan
2019-07-14,0.0,Berawan
2019-07-15,0.0,Berawan
2019-07-16,0.0,Berawan
2019-07-17,0.0,Berawan
2019-07-18,0.0,Berawan
2019-07-19,1.0,Berawan
2019-07-20,0.0,Berawan
2019-07-21,5.0,Hujan Ringan
2019-07-22,0.0,Berawan
2019-07-23,0.0,Berawan
2019-07-24,0.0,Berawan
2019-07-25,0.0,Berawan
2019-07-26,0.0,Berawan
2019-07-27,0.0,Berawan
2019-07-28,0.0,Berawan
2019-07-29,0.0,Berawan
2019-07-30,0.0,Berawan
2019-07-31,0.0,Berawan
2019-08-01,0.0,Berawan
2019-08-02,0.0,Berawan
2019-08-03,0.0,Berawan
2019-08-04,0.0,Berawan
2019-08-05,0.0,Berawan
2019-08-06,0.0,Berawan
2019-08-07,0.0,Berawan
2019-08-08,0.0,Berawan
2019-08-09,0.0,Berawan
2019-08-10,0.0,Berawan
2019-08-11,0.0,Berawan
2019-08-12,0.0,Berawan
2019-08-13,0.0,Berawan
2019-08-14,0.0,Berawan
2019-08-15,0.0,Berawan
2019-08-16,0.0,Berawan
2019-08-17,0.0,Berawan
2019-08-18,0.0,Berawan
2019-08-19,0.0,Berawan
2019-08-20,0.0,Berawan
2019-08-21,0.0,Berawan
2019-08-22,0.0,Berawan
2019-08-23,0.0,Berawan
2019-08-24,0.0,Berawan
2019-08-25,0.0,Berawan
2019-08-26,29.0,Hujan Sedang
2019-08-27,0.0,Berawan
2019-08-28,0.0,Berawan
2019-08-29,0.0,Berawan
2019-08-30,0.0,Berawan
2019-08-31,0.0,Berawan
2019-09-01,0.0,Berawan
2019-09-02,0.0,Berawan
2019-09-03,0.0,Berawan
2019-09-04,0.0,Berawan
2019-09-05,0.0,Berawan
2019-09-06,0.0,Berawan
2019-09-07,0.0,Berawan
2019-09-08,0.0,Berawan
2019-09-09,0.0,Berawan
2019-09-10,0.0,Berawan
2019-09-11,0.0,Berawan
2019-09-12,0.0,Berawan
2019-09-13,0.0,Berawan
2019-09-14,0.0,Berawan
2019-09-15,0.0,Berawan
2019-09-16,0.0,Berawan
2019-09-17,0.0,Berawan
2019-09-18,0.0,Berawan
2019-09-19,0.0,Berawan
2019-09-20,0.0,Berawan
2019-09-21,0.0,Berawan
2019-09-22,0.0,Berawan
2019-09-23,0.0,Berawan
2019-09-24,3.0,Berawan
2019-09-25,3.0,Berawan
2019-09-26,0.0,Berawan
2019-09-27,0.0,Berawan
2019-09-28,0.0,Berawan
2019-09-29,0.0,Berawan
2019-09-30,0.0,Berawan
2019-10-01,0.0,Berawan
2019-10-02,0.0,Berawan
2019-10-03,0.0,Berawan
2019-10-04,0.0,Berawan
2019-10-05,1.0,Berawan
2019-10-06,0.0,Berawan
2019-10-07,4.0,Berawan
2019-10-08,0.0,Berawan
2019-10-09,0.0,Berawan
2019-10-10,0.0,Berawan
2019-10-11,0.0,Berawan
2019-10-12,2.0,Berawan
2019-10-13,0.0,Berawan
2019-10-14,0.0,Berawan
2019-10-15,0.0,Berawan
2019-10-16,0.0,Berawan
2019-10-17,0.0,Berawan
2019-10-18,0.0,Berawan
2019-10-19,0.0,Berawan
2019-10-20,0.0,Berawan
2019-10-21,0.0,Berawan
2019-10-22,0.0,Berawan
2019-10-23,0.0,Berawan
2019-10-24,0.0,Berawan
2019-10-25,0.0,Berawan
2019-10-26,0.0,Berawan
2019-10-27,0.0,Berawan
2019-10-28,0.0,Berawan
2019-10-29,0.0,Berawan
2019-10-30,0.0,Berawan
2019-10-31,0.0,Berawan
2019-11-01,0.0,Berawan
2019-11-02,0.0,Berawan
2019-11-03,0.0,Berawan
2019-11-04,2.0,Berawan
2019-11-05,2.0,Berawan
2019-11-06,0.0,Berawan
2019-11-07,0.0,Berawan
2019-11-08,0.0,Berawan
2019-11-09,0.0,Berawan
2019-11-10,0.0,Berawan
2019-11-11,0.0,Berawan
2019-11-12,0.0,Berawan
2019-11-13,18.0,Hujan Ringan
2019-11-14,10.0,Hujan Ringan
2019-11-15,0.0,Berawan
2019-11-16,0.0,Berawan
2019-11-17,0.0,Berawan
2019-11-18,1.0,Berawan
2019-11-19,0.0,Berawan
2019-11-20,0.0,Berawan
2019-11-21,0.0,Berawan
2019-11-22,0.0,Berawan
2019-11-23,0.0,Berawan
2019-11-24,1.0,Berawan
2019-11-25,0.0,Berawan
2019-11-26,2.0,Berawan
2019-11-27,0.0,Berawan
2019-11-28,0.0,Berawan
2019-11-29,0.0,Berawan
2019-11-30,1.0,Berawan
2019-12-01,6.4,Hujan Ringan
2019-12-02,1.5999999999999999,Berawan
2019-12-03,1.4,Berawan
2019-12-04,32.6,Hujan Sedang
2019-12-05,0.2,Berawan
2019-12-06,9.6,Hujan Ringan
2019-12-07,0.0,Berawan
2019-12-08,21.2,Hujan Sedang
2019-12-09,0.0,Berawan
2019-12-10,0.0,Berawan
2019-12-11,8.0,Hujan Ringan
2019-12-12,0.6000000000000001,Berawan
2019-12-13,1.2,Berawan
2019-12-14,0.4,Berawan
2019-12-15,0.6000000000000001,Berawan
2019-12-16,9.0,Hujan Ringan
2019-12-17,5.8,Hujan Ringan
2019-12-18,0.0,Berawan
2019-12-19,0.0,Berawan
2019-12-20,0.0,Berawan
2019-12-21,1.0,Berawan
2019-12-22,0.0,Berawan
2019-12-23,0.0,Berawan
2019-12-24,0.2,Berawan
2019-12-25,4.8,Berawan
2019-12-26,10.6,Hujan Ringan
2019-12-27,4.6000000000000005,Berawan
2019-12-28,146.0,Hujan Sangat Lebat
2019-12-29,10.4,Hujan Ringan
2019-12-30,12.0,Hujan Ringan
2019-12-31,68.4,Hujan Lebat
2020-01-01,0.0,Berawan
2020-01-02,0.6000000000000001,Berawan
2020-01-03,82.0,Hujan Lebat
2020-01-04,28.0,Hujan Sedang
2020-01-05,0.0,Berawan
2020-01-06,0.6,Berawan
2020-01-07,8.6,Hujan Ringan
2020-01-08,1.0,Berawan
2020-01-09,1.8,Berawan
2020-01-10,19.6,Hujan Ringan
2020-01-11,0.0,Berawan
2020-01-12,21.2,Hujan Sedang
2020-01-13,2.8,Berawan
2020-01-14,10.0,Hujan Ringan
2020-01-15,1.0,Berawan
2020-01-16,0.0,Berawan
2020-01-17,11.8,Hujan Ringan
2020-01-18,1.2000000000000002,Berawan
2020-01-19,0.0,Berawan
2020-01-20,16.6,Hujan Ringan
2020-01-21,0.0,Berawan
2020-01-22,114.0,Hujan Sangat Lebat
2020-01-23,10.8,Hujan Ringan
2020-01-24,24.200000000000003,Hujan Sedang
2020-01-25,0.2,Berawan
2020-01-26,2.0,Berawan
2020-01-27,74.4,Hujan Lebat
2020-01-28,45.6,Hujan Sedang
2020-01-29,26.6,Hujan Sedang
2020-01-30,20.6,Hujan Sedang
2020-01-31,7.4,Hujan Ringan
2020-02-01,0.2,Berawan
2020-02-02,0.0,Berawan
2020-02-03,0.0,Berawan
2020-02-04,0.0,Berawan
2020-02-05,23.6,Hujan Sedang
2020-02-06,0.2,Berawan
2020-02-07,0.8,Berawan
2020-02-08,0.0,Berawan
2020-02-09,0.0,Berawan
2020-02-10,0.0,Berawan
2020-02-11,0.0,Berawan
2020-02-12,29.8,Hujan Sedang
2020-02-13,1.2000000000000002,Berawan
2020-02-14,0.4,Berawan
2020-02-15,0.2,Berawan
2020-02-16,0.0,Berawan
2020-02-17,9.0,Hujan Ringan
2020-02-18,18.8,Hujan Ringan
2020-02-19,18.6,Hujan Ringan
2020-02-20,0.4,Berawan
2020-02-21,0.0,Berawan
2020-02-22,0.0,Berawan
2020-02-23,0.0,Berawan
2020-02-24,0.0,Berawan
2020-02-25,21.8,Hujan Sedang
2020-02-26,4.4,Berawan
2020-02-27,0.2,Berawan
2020-02-28,5.6,Hujan Ringan
2020-02-29,0.2,Berawan
2020-03-01,0.0,Berawan
2020-03-02,1.0,Berawan
2020-03-03,0.0,Berawan
2020-03-04,0.8,Berawan
2020-03-05,0.0,Berawan
2020-03-06,3.4000000000000004,Berawan
2020-03-07,0.2,Berawan
2020-03-08,2.0,Berawan
2020-03-09,0.0,Berawan
2020-03-10,0.0,Berawan
2020-03-11,17.2,Hujan Ringan
2020-03-12,69.0,Hujan Lebat
2020-03-13,0.0,Berawan
2020-03-14,0.0,Berawan
2020-03-15,26.0,Hujan Sedang
2020-03-16,0.0,Berawan
2020-03-17,7.199999999999999,Hujan Ringan
2020-03-18,1.8,Berawan
2020-03-19,11.0,Hujan Ringan
2020-03-20,1.8,Berawan
2020-03-21,0.0,Berawan
2020-03-22,7.200000000000001,Hujan Ringan
2020-03-23,6.0,Hujan Ringan
2020-03-24,75.0,Hujan Lebat
2020-03-25,0.0,Berawan
2020-03-26,46.6,Hujan Sedang
2020-03-27,7.4,Hujan Ringan
2020-03-28,0.0,Berawan
2020-03-29,13.0,Hujan Ringan
2020-03-30,5.4,Hujan Ringan
2020-03-31,7.2,Hujan Ringan
2020-04-01,1.0,Berawan
2020-04-02,10.4,Hujan Ringan
2020-04-03,50.0,Hujan Sedang
2020-04-04,0.6000000000000001,Berawan
2020-04-05,26.0,Hujan Sedang
2020-04-06,3.0,Berawan
2020-04-07,0.8,Berawan
2020-04-08,41.8,Hujan Sedang
2020-04-09,20.8,Hujan Sedang
2020-04-10,6.8,Hujan Ringan
2020-04-11,0.0,Berawan
2020-04-12,0.0,Berawan
2020-04-13,0.0,Berawan
2020-04-14,31.2,Hujan Sedang
2020-04-15,0.2,Berawan
2020-04-16,0.2,Berawan
2020-04-17,0.0,Berawan
2020-04-18,0.8,Berawan
2020-04-19,0.0,Berawan
2020-04-20,0.0,Berawan
2020-04-21,0.0,Berawan
2020-04-22,0.0,Berawan
2020-04-23,5.0,Hujan Ringan
2020-04-24,2.8000000000000003,Berawan
2020-04-25,0.0,Berawan
2020-04-26,16.400000000000002,Hujan Ringan
2020-04-27,36.8,Hujan Sedang
2020-04-28,0.0,Berawan
2020-04-29,0.6000000000000001,Berawan
2020-04-30,6.6000000000000005,Hujan Ringan
2020-05-01,0.2,Berawan
2020-05-02,0.0,Berawan
2020-05-03,0.4,Berawan
2020-05-04,44.4,Hujan Sedang
2020-05-05,0.4,Berawan
2020-05-06,0.2,Berawan
2020-05-07,23.6,Hujan Sedang
2020-05-08,5.0,Hujan Ringan
2020-05-09,17.4,Hujan Ringan
2020-05-10,0.6000000000000001,Berawan
2020-05-11,0.0,Berawan
2020-05-12,0.0,Berawan
2020-05-13,1.4,Berawan
2020-05-14,4.3999999999999995,Berawan
2020-05-15,0.2,Berawan
2020-05-16,18.2,Hujan Ringan
2020-05-17,0.4,Berawan
2020-05-18,22.6,Hujan Sedang
2020-05-19,0.0,Berawan
2020-05-20,2.8000000000000003,Berawan
2020-05-21,0.0,Berawan
2020-05-22,48.4,Hujan Sedang
2020-05-23,0.0,Berawan
2020-05-24,0.0,Berawan
2020-05-25,0.4,Berawan
2020-05-26,0.0,Berawan
2020-05-27,33.6,Hujan Sedang
2020-05-28,0.2,Berawan
2020-05-29,0.2,Berawan
2020-05-30,40.2,Hujan Sedang
2020-05-31,2.0,Berawan
2020-06-01,3.6,Berawan
2020-06-02,1.8,Berawan
2020-06-03,12.6,Hujan Ringan
2020-06-04,11.6,Hujan Ringan
2020-06-05,11.600000000000001,Hujan Ringan
2020-06-06,0.0,Berawan
2020-06-07,0.2,Berawan
2020-06-08,1.0,Berawan
2020-06-09,0.0,Berawan
2020-06-10,0.0,Berawan
2020-06-11,64.0,Hujan Lebat
2020-06-12,0.0,Berawan
2020-06-13,5.2,Hujan Ringan
2020-06-14,0.2,Berawan
2020-06-15,4.2,Berawan
2020-06-16,10.4,Hujan Ringan
2020-06-17,0.0,Berawan
2020-06-18,28.8,Hujan Sedang
2020-06-19,0.2,Berawan
2020-06-20,0.0,Berawan
2020-06-21,16.0,Hujan Ringan
2020-06-22,49.4,Hujan Sedang
2020-06-23,0.0,Berawan
2020-06-24,0.2,Berawan
2020-06-25,0.0,Berawan
2020-06-26,0.0,Berawan
2020-06-27,0.2,Berawan
2020-06-28,0.0,Berawan
2020-06-29,0.0,Berawan
2020-06-30,14.6,Hujan Ringan
2020-07-01,33.6,Hujan Sedang
2020-07-02,10.4,Hujan Ringan
2020-07-03,0.8,Berawan
2020-07-04,5.4,Hujan Ringan
2020-07-05,2.4000000000000004,Berawan
2020-07-06,5.0,Hujan Ringan
2020-07-07,2.6,Berawan
2020-07-08,0.8,Berawan
2020-07-09,7.4,Hujan Ringan
2020-07-10,1.0,Berawan
2020-07-11,1.4,Berawan
2020-07-12,5.4,Hujan Ringan
2020-07-13,4.8,Berawan
2020-07-14,3.0,Berawan
2020-07-15,0.8,Berawan
2020-07-16,0.4,Berawan
2020-07-17,0.8,Berawan
2020-07-18,3.8000000000000003,Berawan
2020-07-19,0.0,Berawan
2020-07-20,3.6,Berawan
2020-07-21,0.2,Berawan
2020-07-22,0.0,Berawan
2020-07-23,0.2,Berawan
2020-07-24,3.8000000000000003,Berawan
2020-07-25,0.2,Berawan
2020-07-26,0.6000000000000001,Berawan
2020-07-27,0.2,Berawan
2020-07-28,0.6,Berawan
2020-07-29,0.0,Berawan
2020-07-30,0.4,Berawan
2020-07-31,0.0,Berawan
2020-08-01,0.0,Berawan
2020-08-02,0.0,Berawan
2020-08-03,0.0,Berawan
2020-08-04,81.8,Hujan Lebat
2020-08-05,16.0,Hujan Ringan
2020-08-06,0.0,Berawan
2020-08-07,0.0,Berawan
2020-08-08,0.0,Berawan
2020-08-09,0.0,Berawan
2020-08-10,0.4,Berawan
2020-08-11,43.800000000000004,Hujan Sedang
2020-08-12,0.0,Berawan
2020-08-13,23.2,Hujan Sedang
2020-08-14,0.0,Berawan
2020-08-15,0.0,Berawan
2020-08-16,19.2,Hujan Ringan
2020-08-17,0.0,Berawan
2020-08-18,16.0,Hujan Ringan
2020-08-19,0.0,Berawan
2020-08-20,0.0,Berawan
2020-08-21,0.0,Berawan
2020-08-22,0.0,Berawan
2020-08-23,0.0,Berawan
2020-08-24,0.0,Berawan
2020-08-25,0.0,Berawan
2020-08-26,0.0,Berawan
2020-08-27,0.0,Berawan
2020-08-28,0.0,Berawan
2020-08-29,0.0,Berawan
2020-08-30,0.0,Berawan
2020-08-31,0.0,Berawan
2020-09-01,0.0,Berawan
2020-09-02,0.4,Berawan
2020-09-03,5.6,Hujan Ringan
2020-09-04,0.4,Berawan
2020-09-05,0.0,Berawan
2020-09-06,0.0,Berawan
2020-09-07,0.0,Berawan
2020-09-08,0.0,Berawan
2020-09-09,0.0,Berawan
2020-09-10,0.0,Berawan
2020-09-11,0.0,Berawan
2020-09-12,0.0,Berawan
2020-09-13,0.0,Berawan
2020-09-14,0.0,Berawan
2020-09-15,0.0,Berawan
2020-09-16,0.0,Berawan
2020-09-17,0.0,Berawan
2020-09-18,0.6000000000000001,Berawan
2020-09-19,6.2,Hujan Ringan
2020-09-20,37.6,Hujan Sedang
2020-09-21,0.8,Berawan
2020-09-22,0.2,Berawan
2020-09-23,0.2,Berawan
2020-09-24,0.0,Berawan
2020-09-25,0.0,Berawan
2020-09-26,9.2,Hujan Ringan
2020-09-27,4.0,Berawan
2020-09-28,0.0,Berawan
2020-09-29,1.0,Berawan
2020-09-30,0.2,Berawan
2020-10-01,5.8,Hujan Ringan
2020-10-02,16.2,Hujan Ringan
2020-10-03,1.8,Berawan
2020-10-04,0.2,Berawan
2020-10-05,0.0,Berawan
2020-10-06,0.0,Berawan
2020-10-07,0.0,Berawan
2020-10-08,0.0,Berawan
2020-10-09,58.0,Hujan Lebat
2020-10-10,0.4,Berawan
2020-10-11,0.2,Berawan
2020-10-12,0.0,Berawan
2020-10-13,0.4,Berawan
2020-10-14,3.0,Berawan
2020-10-15,0.2,Berawan
2020-10-16,0.0,Berawan
2020-10-17,0.0,Berawan
2020-10-18,0.0,Berawan
2020-10-19,24.0,Hujan Sedang
2020-10-20,0.4,Berawan
2020-10-21,0.0,Berawan
2020-10-22,0.0,Berawan
2020-10-23,0.0,Berawan
2020-10-24,0.0,Berawan
2020-10-25,0.0,Berawan
2020-10-26,0.0,Berawan
2020-10-27,0.0,Berawan
2020-10-28,0.0,Berawan
2020-10-29,0.0,Berawan
2020-10-30,2.0,Berawan
2020-10-31,0.0,Berawan
2020-11-01,0.0,Berawan
2020-11-02,2.6,Berawan
2020-11-03,0.2,Berawan
2020-11-04,0.0,Berawan
2020-11-05,3.0,Berawan
2020-11-06,1.2000000000000002,Berawan
2020-11-07,1.0,Berawan
2020-11-08,0.2,Berawan
2020-11-09,27.4,Hujan Sedang
2020-11-10,0.0,Berawan
2020-11-11,0.2,Berawan
2020-11-12,0.0,Berawan
2020-11-13,0.0,Berawan
2020-11-14,0.0,Berawan
2020-11-15,1.2000000000000002,Berawan
2020-11-16,8.0,Hujan Ringan
2020-11-17,0.0,Berawan
2020-11-18,0.0,Berawan
2020-11-19,2.2,Berawan
2020-11-20,0.6000000000000001,Berawan
2020-11-21,1.2000000000000002,Berawan
2020-11-22,1.6,Berawan
2020-11-23,30.2,Hujan Sedang
2020-11-24,13.8,Hujan Ringan
2020-11-25,4.800000000000001,Berawan
2020-11-26,3.4000000000000004,Berawan
2020-11-27,0.0,Berawan
2020-11-28,1.2000000000000002,Berawan
2020-11-29,7.8,Hujan Ringan
2020-11-30,0.0,Berawan
2020-12-01,0.2,Berawan
2020-12-02,104.39999999999999,Hujan Sangat Lebat
2020-12-03,9.4,Hujan Ringan
2020-12-04,0.8,Berawan
2020-12-05,0.0,Berawan
2020-12-06,1.6,Berawan
2020-12-07,0.2,Berawan
2020-12-08,0.2,Berawan
2020-12-09,0.0,Berawan
2020-12-10,9.200000000000001,Hujan Ringan
2020-12-11,11.4,Hujan Ringan
2020-12-12,0.6000000000000001,Berawan
2020-12-13,1.4,Berawan
2020-12-14,1.0,Berawan
2020-12-15,11.4,Hujan Ringan
2020-12-16,42.8,Hujan Sedang
2020-12-17,18.4,Hujan Ringan
2020-12-18,6.4,Hujan Ringan
2020-12-19,3.0,Berawan
2020-12-20,3.0000000000000004,Berawan
2020-12-21,0.2,Berawan
2020-12-22,0.0,Berawan
2020-12-23,0.6000000000000001,Berawan
2020-12-24,0.8,Berawan
2020-12-25,25.4,Hujan Sedang
2020-12-26,12.8,Hujan Ringan
2020-12-27,5.8,Hujan Ringan
2020-12-28,0.2,Berawan
2020-12-29,0.0,Berawan
2020-12-30,9.0,Hujan Ringan
2020-12-31,12.2,Hujan Ringan
2021-01-01,3.8000000000000003,Berawan
2021-01-02,43.800000000000004,Hujan Sedang
2021-01-03,1.0,Berawan
2021-01-04,0.4,Berawan
2021-01-05,0.0,Berawan
2021-01-06,2.0,Berawan
2021-01-07,2.0,Berawan
2021-01-08,0.0,Berawan
2021-01-09,8.200000000000001,Hujan Ringan
2021-01-10,22.4,Hujan Sedang
2021-01-11,17.8,Hujan Ringan
2021-01-12,465.59999999999997,Hujan Sangat Lebat
2021-01-13,0.0,Berawan
2021-01-14,0.0,Berawan
2021-01-15,4.4,Berawan
2021-01-16,0.4,Berawan
2021-01-17,5.999999999999999,Hujan Ringan
2021-01-18,0.2,Berawan
2021-01-19,0.2,Berawan
2021-01-20,0.4,Berawan
2021-01-21,81.8,Hujan Lebat
2021-01-22,0.0,Berawan
2021-01-23,9.0,Hujan Ringan
2021-01-24,8.0,Hujan Ringan
2021-01-25,0.0,Berawan
2021-01-26,0.0,Berawan
2021-01-27,0.0,Berawan
2021-01-28,0.0,Berawan
2021-01-29,0.0,Berawan
2021-01-30,0.0,Berawan
2021-01-31,0.0,Berawan
2021-02-01,14.6,Hujan Ringan
2021-02-02,14.4,Hujan Ringan
2021-02-03,38.8,Hujan Sedang
2021-02-04,9.0,Hujan Ringan
2021-02-05,0.2,Berawan
2021-02-06,0.2,Berawan
2021-02-07,10.6,Hujan Ringan
2021-02-08,19.8,Hujan Ringan
2021-02-09,7.4,Hujan Ringan
2021-02-10,0.4,Berawan
2021-02-11,16.0,Hujan Ringan
2021-02-12,33.800000000000004,Hujan Sedang
2021-02-13,0.2,Berawan
2021-02-14,35.4,Hujan Sedang
2021-02-15,33.2,Hujan Sedang
2021-02-16,1.0,Berawan
2021-02-17,0.4,Berawan
2021-02-18,1.0,Berawan
2021-02-19,0.0,Berawan
2021-02-20,6.6000000000000005,Hujan Ringan
2021-02-21,0.0,Berawan
2021-02-22,0.0,Berawan
2021-02-23,27.2,Hujan Sedang
2021-02-24,14.8,Hujan Ringan
2021-02-25,30.0,Hujan Sedang
2021-02-26,12.2,Hujan Ringan
2021-02-27,0.0,Berawan
2021-02-28,0.0,Berawan
2021-03-01,227.0,Hujan Sangat Lebat
2021-03-02,180.60000000000002,Hujan Sangat Lebat
2021-03-03,1659.8,Hujan Sangat Lebat
2021-03-04,1628.8,Hujan Sangat Lebat
2021-03-05,21.0,Hujan Sedang
2021-03-06,228.6,Hujan Sangat Lebat
2021-03-07,913.1999999999999,Hujan Sangat Lebat
2021-03-08,16.4,Hujan Ringan
2021-03-09,0.0,Berawan
2021-03-10,396.6,Hujan Sangat Lebat
2021-03-11,916.1999999999999,Hujan Sangat Lebat
2021-03-12,1424.8,Hujan Sangat Lebat
2021-03-13,210.4,Hujan Sangat Lebat
2021-03-14,2.0,Berawan
2021-03-15,0.0,Berawan
2021-03-16,446.4,Hujan Sangat Lebat
2021-03-17,3.8,Berawan
2021-03-18,17.2,Hujan Ringan
2021-03-19,0.2,Berawan
2021-03-20,0.0,Berawan
2021-03-21,0.0,Berawan
2021-03-22,383.59999999999997,Hujan Sangat Lebat
2021-03-23,16.2,Hujan Ringan
2021-03-24,1948.8,Hujan Sangat Lebat
2021-03-25,4503.8,Hujan Sangat Lebat
2021-03-26,104.2,Hujan Sangat Lebat
2021-03-27,26.400000000000002,Hujan Sedang
2021-03-28,0.2,Berawan
2021-03-29,0.0,Berawan
2021-03-30,0.0,Berawan
2021-03-31,706.0,Hujan Sangat Lebat
2021-04-01,0.0,Berawan
2021-04-02,1157.4,Hujan Sangat Lebat
2021-04-03,34.0,Hujan Sedang
2021-04-04,0.0,Berawan
2021-04-05,0.0,Berawan
2021-04-06,0.0,Berawan
2021-04-07,0.0,Berawan
2021-04-08,233.8,Hujan Sangat Lebat
2021-04-09,1580.8,Hujan Sangat Lebat
2021-04-10,47.6,Hujan Sedang
2021-04-11,0.2,Berawan
2021-04-12,22.6,Hujan Sedang
2021-04-13,0.2,Berawan
2021-04-14,442.99999999999994,Hujan Sangat Lebat
2021-04-15,677.4,Hujan Sangat Lebat
2021-04-16,8.8,Hujan Ringan
2021-04-17,302.40000000000003,Hujan Sangat Lebat
2021-04-18,5.2,Hujan Ringan
2021-04-19,8.8,Hujan Ringan
2021-04-20,0.2,Berawan
2021-04-21,0.0,Berawan
2021-04-22,0.0,Berawan
2021-04-23,0.0,Berawan
2021-04-24,0.0,Berawan
2021-04-25,0.0,Berawan
2021-04-26,0.0,Berawan
2021-04-27,0.0,Berawan
2021-04-28,1062.8,Hujan Sangat Lebat
2021-04-29,10.6,Hujan Ringan
2021-04-30,0.0,Berawan
2021-05-01,11.200000000000001,Hujan Ringan
2021-05-02,73.8,Hujan Lebat
2021-05-03,0.6,Berawan
2021-05-04,2431.4,Hujan Sangat Lebat
2021-05-05,32.6,Hujan Sedang
2021-05-06,1256.4,Hujan Sangat Lebat
2021-05-07,1992.8,Hujan Sangat Lebat
2021-05-08,1997.8,Hujan Sangat Lebat
2021-05-09,22.4,Hujan Sedang
2021-05-10,0.0,Berawan
2021-05-11,0.0,Berawan
2021-05-12,0.0,Berawan
2021-05-13,0.0,Berawan
2021-05-14,1170.6,Hujan Sangat Lebat
2021-05-15,1550.0,Hujan Sangat Lebat
2021-05-16,1124.0,Hujan Sangat Lebat
2021-05-17,10.8,Hujan Ringan
2021-05-18,414.2,Hujan Sangat Lebat
2021-05-19,3.0,Berawan
2021-05-20,0.0,Berawan
2021-05-21,0.0,Berawan
2021-05-22,389.4,Hujan Sangat Lebat
2021-05-23,27.6,Hujan Sedang
2021-05-24,0.2,Berawan
2021-05-25,0.0,Berawan
2021-05-26,0.0,Berawan
2021-05-27,0.0,Berawan
2021-05-28,1859.8,Hujan Sangat Lebat
2021-05-29,405.40000000000003,Hujan Sangat Lebat
2021-05-30,31.6,Hujan Sedang
2021-05-31,0.2,Berawan
2021-06-01,0.0,Berawan
2021-06-02,0.0,Berawan
2021-06-03,0.0,Berawan
2021-06-04,744.0,Hujan Sangat Lebat
2021-06-05,8.0,Hujan Ringan
2021-06-06,0.0,Berawan
2021-06-07,0.0,Berawan
2021-06-08,0.0,Berawan
2021-06-09,0.0,Berawan
2021-06-10,0.0,Berawan
2021-06-11,0.0,Berawan
2021-06-12,0.0,Berawan
2021-06-13,0.0,Berawan
2021-06-14,0.0,Berawan
2021-06-15,1962.0,Hujan Sangat Lebat
2021-06-16,832.0,Hujan Sangat Lebat
2021-06-17,9.0,Hujan Ringan
2021-06-18,100.0,Hujan Lebat
2021-06-19,2.0,Berawan
2021-06-20,306.0,Hujan Sangat Lebat
2021-06-21,3.0,Berawan
2021-06-22,0.0,Berawan
2021-06-23,377.0,Hujan Sangat Lebat
2021-06-24,5.0,Hujan Ringan
2021-06-25,0.0,Berawan
2021-06-26,0.0,Berawan
2021-06-27,2112.0,Hujan Sangat Lebat
2021-06-28,1214.0,Hujan Sangat Lebat
2021-06-29,16.0,Hujan Ringan
2021-06-30,2611.0,Hujan Sangat Lebat
2021-07-01,123.8,Hujan Sangat Lebat
2021-07-02,1.4,Berawan
2021-07-03,0.0,Berawan
2021-07-04,0.0,Berawan
2021-07-05,0.0,Berawan
2021-07-06,0.0,Berawan
2021-07-07,18.400000000000002,Hujan Ringan
2021-07-08,20.400000000000002,Hujan Sedang
2021-07-09,2.0,Berawan
2021-07-10,1843.2,Hujan Sangat Lebat
2021-07-11,82.8,Hujan Lebat
2021-07-12,86.60000000000001,Hujan Lebat
2021-07-13,333.8,Hujan Sangat Lebat
2021-07-14,22.8,Hujan Sedang
2021-07-15,0.2,Berawan
2021-07-16,0.0,Berawan
2021-07-17,17.8,Hujan Ringan
2021-07-18,0.2,Berawan
2021-07-19,0.0,Berawan
2021-07-20,2305.4,Hujan Sangat Lebat
2021-07-21,23.0,Hujan Sedang
2021-07-22,0.0,Berawan
2021-07-23,0.0,Berawan
2021-07-24,0.0,Berawan
2021-07-25,0.0,Berawan
2021-07-26,0.0,Berawan
2021-07-27,0.0,Berawan
2021-07-28,0.0,Berawan
2021-07-29,0.0,Berawan
2021-07-30,0.0,Berawan
2021-07-31,0.0,Berawan
2021-08-01,4490.8,Hujan Sangat Lebat
2021-08-02,217.20000000000002,Hujan Sangat Lebat
2021-08-03,1.6,Berawan
2021-08-04,0.0,Berawan
2021-08-05,24.8,Hujan Sedang
2021-08-06,64.8,Hujan Lebat
2021-08-07,0.6,Berawan
2021-08-08,0.0,Berawan
2021-08-09,97.0,Hujan Lebat
2021-08-10,104.80000000000001,Hujan Sangat Lebat
2021-08-11,0.8,Berawan
2021-08-12,0.0,Berawan
2021-08-13,955.1999999999999,Hujan Sangat Lebat
2021-08-14,30.8,Hujan Sedang
2021-08-15,711.8,Hujan Sangat Lebat
2021-08-16,834.8,Hujan Sangat Lebat
2021-08-17,2503.6000000000004,Hujan Sangat Lebat
2021-08-18,72.60000000000001,Hujan Lebat
2021-08-19,0.4,Berawan
2021-08-20,0.0,Berawan
2021-08-21,1437.1999999999998,Hujan Sangat Lebat
2021-08-22,16.4,Hujan Ringan
2021-08-23,0.0,Berawan
2021-08-24,0.0,Berawan
2021-08-25,0.0,Berawan
2021-08-26,0.0,Berawan
2021-08-27,0.0,Berawan
2021-08-28,0.0,Berawan
2021-08-29,864.0,Hujan Sangat Lebat
2021-08-30,36.4,Hujan Sedang
2021-08-31,1384.8,Hujan Sangat Lebat
2021-09-01,23.2,Hujan Sedang
2021-09-02,0.0,Berawan
2021-09-03,0.0,Berawan
2021-09-04,0.0,Berawan
2021-09-05,0.0,Berawan
2021-09-06,2008.8,Hujan Sangat Lebat
2021-09-07,251.4,Hujan Sangat Lebat
2021-09-08,14.200000000000001,Hujan Ringan
2021-09-09,25.8,Hujan Sedang
2021-09-10,0.2,Berawan
2021-09-11,0.0,Berawan
2021-09-12,79.80000000000001,Hujan Lebat
2021-09-13,4372.6,Hujan Sangat Lebat
2021-09-14,41.6,Hujan Sedang
2021-09-15,0.0,Berawan
2021-09-16,0.0,Berawan
2021-09-17,0.0,Berawan
2021-09-18,0.0,Berawan
2021-09-19,0.0,Berawan
2021-09-20,0.0,Berawan
2021-09-21,39.8,Hujan Sedang
2021-09-22,26.8,Hujan Sedang
2021-09-23,1124.4,Hujan Sangat Lebat
2021-09-24,33.6,Hujan Sedang
2021-09-25,690.1999999999999,Hujan Sangat Lebat
2021-09-26,91.2,Hujan Lebat
2021-09-27,1198.3999999999999,Hujan Sangat Lebat
2021-09-28,2538.0,Hujan Sangat Lebat
2021-09-29,94.0,Hujan Lebat
2021-09-30,129.0,Hujan Sangat Lebat
2021-10-01,1.4,Berawan
2021-10-02,0.0,Berawan
2021-10-03,0.0,Berawan
2021-10-04,0.0,Berawan
2021-10-05,0.0,Berawan
2021-10-06,0.0,Berawan
2021-10-07,0.0,Berawan
2021-10-08,444.2,Hujan Sangat Lebat
2021-10-09,3.4,Berawan
2021-10-10,0.0,Berawan
2021-10-11,0.0,Berawan
2021-10-12,0.0,Berawan
2021-10-13,574.2,Hujan Sangat Lebat
2021-10-14,5.2,Hujan Ringan
2021-10-15,0.0,Berawan
2021-10-16,1430.0,Hujan Sangat Lebat
2021-10-17,341.2,Hujan Sangat Lebat
2021-10-18,3656.2,Hujan Sangat Lebat
2021-10-19,44.6,Hujan Sedang
2021-10-20,0.0,Berawan
2021-10-21,0.0,Berawan
2021-10-22,0.0,Berawan
2021-10-23,1538.4,Hujan Sangat Lebat
2021-10-24,55.6,Hujan Lebat
2021-10-25,0.4,Berawan
2021-10-26,0.0,Berawan
2021-10-27,94.2,Hujan Lebat
2021-10-28,782.8,Hujan Sangat Lebat
2021-10-29,8.2,Hujan Ringan
2021-10-30,0.0,Berawan
2021-10-31,34.800000000000004,Hujan Sedang
2021-11-01,1014.4,Hujan Sangat Lebat
2021-11-02,12.4,Hujan Ringan
2021-11-03,0.0,Berawan
2021-11-04,0.0,Berawan
2021-11-05,0.0,Berawan
2021-11-06,0.0,Berawan
2021-11-07,4014.4,Hujan Sangat Lebat
2021-11-08,825.4,Hujan Sangat Lebat
2021-11-09,5392.0,Hujan Sangat Lebat
2021-11-10,602.2,Hujan Sangat Lebat
2021-11-11,13.600000000000001,Hujan Ringan
2021-11-12,0.2,Berawan
2021-11-13,0.0,Berawan
2021-11-14,0.0,Berawan
2021-11-15,712.5999999999999,Hujan Sangat Lebat
2021-11-16,8.4,Hujan Ringan
2021-11-17,2661.6,Hujan Sangat Lebat
2021-11-18,90.6,Hujan Lebat
2021-11-19,0.8,Berawan
2021-11-20,59.2,Hujan Lebat
2021-11-21,1.0,Berawan
2021-11-22,66.2,Hujan Lebat
2021-11-23,188.0,Hujan Sangat Lebat
2021-11-24,2.2,Berawan
2021-11-25,0.0,Berawan
2021-11-26,135.2,Hujan Sangat Lebat
2021-11-27,8.4,Hujan Ringan
2021-11-28,4.6000000000000005,Berawan
2021-11-29,302.2,Hujan Sangat Lebat
2021-11-30,25.8,Hujan Sedang
2021-12-01,0.2,Berawan
2021-12-02,0.0,Berawan
2021-12-03,3.5999999999999996,Berawan
2021-12-04,1652.3999999999999,Hujan Sangat Lebat
2021-12-05,909.0,Hujan Sangat Lebat
2021-12-06,4108.8,Hujan Sangat Lebat
2021-12-07,148.6,Hujan Sangat Lebat
2021-12-08,70.8,Hujan Lebat
2021-12-09,1439.2,Hujan Sangat Lebat
2021-12-10,2380.4,Hujan Sangat Lebat
2021-12-11,53.6,Hujan Lebat
2021-12-12,1289.0,Hujan Sangat Lebat
2021-12-13,24.6,Hujan Sedang
2021-12-14,0.6,Berawan
2021-12-15,0.0,Berawan
2021-12-16,309.4,Hujan Sangat Lebat
2021-12-17,3.0,Berawan
2021-12-18,0.0,Berawan
2021-12-19,653.4,Hujan Sangat Lebat
2021-12-20,544.0,Hujan Sangat Lebat
2021-12-21,443.4,Hujan Sangat Lebat
2021-12-22,3.4,Berawan
2021-12-23,36.199999999999996,Hujan Sedang
2021-12-24,1559.3999999999999,Hujan Sangat Lebat
2021-12-25,2835.2000000000003,Hujan Sangat Lebat
2021-12-26,1738.4,Hujan Sangat Lebat
2021-12-27,39.2,Hujan Sedang
2021-12-28,108.2,Hujan Sangat Lebat
2021-12-29,797.8,Hujan Sangat Lebat
2021-12-30,34.0,Hujan Sedang
2021-12-31,207.20000000000002,Hujan Sangat Lebat
2022-01-01,2.0,Berawan
2022-01-02,0.0,Berawan
2022-01-03,160.6,Hujan Sangat Lebat
2022-01-04,1.4,Berawan
2022-01-05,273.4,Hujan Sangat Lebat
2022-01-06,223.4,Hujan Sangat Lebat
2022-01-07,903.6,Hujan Sangat Lebat
2022-01-08,215.0,Hujan Sangat Lebat
2022-01-09,135.0,Hujan Sangat Lebat
2022-01-10,339.4,Hujan Sangat Lebat
2022-01-11,4.6,Berawan
2022-01-12,0.0,Berawan
2022-01-13,0.0,Berawan
2022-01-14,0.0,Berawan
2022-01-15,3301.0,Hujan Sangat Lebat
2022-01-16,87.8,Hujan Lebat
2022-01-17,2950.7999999999997,Hujan Sangat Lebat
2022-01-18,2967.4,Hujan Sangat Lebat
2022-01-19,2292.4,Hujan Sangat Lebat
2022-01-20,355.6,Hujan Sangat Lebat
2022-01-21,1674.8,Hujan Sangat Lebat
2022-01-22,450.6,Hujan Sangat Lebat
2022-01-23,5.6,Hujan Ringan
2022-01-24,24.8,Hujan Sedang
2022-01-25,0.2,Berawan
2022-01-26,0.0,Berawan
2022-01-27,0.0,Berawan
2022-01-28,0.0,Berawan
2022-01-29,0.0,Berawan
2022-01-30,0.0,Berawan
2022-01-31,0.0,Berawan
2022-02-01,0.0,Berawan
2022-02-02,0.0,Berawan
2022-02-03,0.0,Berawan
2022-02-04,0.0,Berawan
2022-02-05,0.0,Berawan
2022-02-06,0.0,Berawan
2022-02-07,0.0,Berawan
2022-02-08,0.0,Berawan
2022-02-09,0.0,Berawan
2022-02-10,0.0,Berawan
2022-02-11,0.0,Berawan
2022-02-12,0.0,Berawan
2022-02-13,0.0,Berawan
2022-02-14,0.0,Berawan
2022-02-15,0.0,Berawan
2022-02-16,0.0,Berawan
2022-02-17,0.0,Berawan
2022-02-18,0.0,Berawan
2022-02-19,0.0,Berawan
2022-02-20,0.0,Berawan
2022-02-21,0.0,Berawan
2022-02-22,0.0,Berawan
2022-02-23,0.0,Berawan
2022-02-24,0.0,Berawan
2022-02-25,0.0,Berawan
2022-02-26,0.0,Berawan
2022-02-27,0.0,Berawan
2022-02-28,0.0,Berawan
2022-03-01,0.0,Berawan
2022-03-02,0.0,Berawan
2022-03-03,0.0,Berawan
2022-03-04,0.0,Berawan
2022-03-05,0.0,Berawan
2022-03-06,0.0,Berawan
2022-03-07,0.0,Berawan
2022-03-08,0.0,Berawan
2022-03-09,0.0,Berawan
2022-03-10,0.0,Berawan
2022-03-11,0.0,Berawan
2022-03-12,0.0,Berawan
2022-03-13,0.0,Berawan
2022-03-14,0.0,Berawan
2022-03-15,0.0,Berawan
2022-03-16,0.0,Berawan
2022-03-17,0.0,Berawan
2022-03-18,0.0,Berawan
2022-03-19,0.0,Berawan
2022-03-20,0.0,Berawan
2022-03-21,0.0,Berawan
2022-03-22,0.0,Berawan
2022-03-23,0.0,Berawan
2022-03-24,0.0,Berawan
2022-03-25,0.0,Berawan
2022-03-26,0.0,Berawan
2022-03-27,0.0,Berawan
2022-03-28,0.0,Berawan
2022-03-29,0.0,Berawan
2022-03-30,0.0,Berawan
2022-03-31,0.0,Berawan
2022-04-01,0.0,Berawan
2022-04-02,0.0,Berawan
2022-04-03,0.0,Berawan
2022-04-04,0.0,Berawan
2022-04-05,0.0,Berawan
2022-04-06,0.0,Berawan
2022-04-07,0.0,Berawan
2022-04-08,0.0,Berawan
2022-04-09,0.0,Berawan
2022-04-10,0.0,Berawan
2022-04-11,0.0,Berawan
2022-04-12,0.0,Berawan
2022-04-13,0.0,Berawan
2022-04-14,0.0,Berawan
2022-04-15,0.0,Berawan
2022-04-16,0.0,Berawan
2022-04-17,0.0,Berawan
2022-04-18,0.0,Berawan
2022-04-19,0.0,Berawan
2022-04-20,0.0,Berawan
2022-04-21,0.0,Berawan
2022-04-22,0.0,Berawan
2022-04-23,0.0,Berawan
2022-04-24,0.0,Berawan
2022-04-25,0.0,Berawan
2022-04-26,0.0,Berawan
2022-04-27,0.0,Berawan
2022-04-28,8.8,Hujan Ringan
2022-04-29,0.2,Berawan
2022-04-30,0.0,Berawan
2022-05-01,0.0,Berawan
2022-05-02,12.200000000000001,Hujan Ringan
2022-05-03,21.0,Hujan Sedang
2022-05-04,0.0,Berawan
2022-05-05,0.0,Berawan
2022-05-06,0.0,Berawan
2022-05-07,0.0,Berawan
2022-05-08,0.0,Berawan
2022-05-09,0.0,Berawan
2022-05-10,0.2,Berawan
2022-05-11,0.0,Berawan
2022-05-12,0.0,Berawan
2022-05-13,0.0,Berawan
2022-05-14,0.0,Berawan
2022-05-15,59.199999999999996,Hujan Lebat
2022-05-16,0.0,Berawan
2022-05-17,0.0,Berawan
2022-05-18,0.0,Berawan
2022-05-19,0.0,Berawan
2022-05-20,0.0,Berawan
2022-05-21,0.0,Berawan
2022-05-22,0.0,Berawan
2022-05-23,0.0,Berawan
2022-05-24,0.0,Berawan
2022-05-25,0.0,Berawan
2022-05-26,0.0,Berawan
2022-05-27,0.0,Berawan
2022-05-28,0.0,Berawan
2022-05-29,0.0,Berawan
2022-05-30,0.0,Berawan
2022-05-31,0.0,Berawan
2022-06-01,33.6,Hujan Sedang
2022-06-02,0.0,Berawan
2022-06-03,0.0,Berawan
2022-06-04,0.0,Berawan
2022-06-05,0.0,Berawan
2022-06-06,466.2,Hujan Sangat Lebat
2022-06-07,0.0,Berawan
2022-06-08,0.0,Berawan
2022-06-09,0.0,Berawan
2022-06-10,0.0,Berawan
2022-06-11,0.0,Berawan
2022-06-12,0.0,Berawan
2022-06-13,0.0,Berawan
2022-06-14,0.0,Berawan
2022-06-15,0.0,Berawan
2022-06-16,0.0,Berawan
2022-06-17,0.0,Berawan
2022-06-18,6.4,Hujan Ringan
2022-06-19,0.0,Berawan
2022-06-20,20.8,Hujan Sedang
2022-06-21,0.0,Berawan
2022-06-22,21.200000000000003,Hujan Sedang
2022-06-23,0.0,Berawan
2022-06-24,0.0,Berawan
2022-06-25,0.0,Berawan
2022-06-26,0.0,Berawan
2022-06-27,0.0,Berawan
2022-06-28,0.0,Berawan
2022-06-29,0.0,Berawan
2022-06-30,0.0,Berawan
2022-07-01,0.0,Berawan
2022-07-02,0.0,Berawan
2022-07-03,0.0,Berawan
2022-07-04,0.0,Berawan
2022-07-05,0.0,Berawan
2022-07-06,0.0,Berawan
2022-07-07,0.0,Berawan
2022-07-08,0.0,Berawan
2022-07-09,0.0,Berawan
2022-07-10,0.0,Berawan
2022-07-11,0.0,Berawan
2022-07-12,21.400000000000002,Hujan Sedang
2022-07-13,0.0,Berawan
2022-07-14,0.0,Berawan
2022-07-15,0.0,Berawan
2022-07-16,0.0,Berawan
2022-07-17,0.0,Berawan
2022-07-18,0.0,Berawan
2022-07-19,0.0,Berawan
2022-07-20,0.0,Berawan
2022-07-21,0.0,Berawan
2022-07-22,0.0,Berawan
2022-07-23,0.0,Berawan
2022-07-24,0.0,Berawan
2022-07-25,0.0,Berawan
2022-07-26,0.0,Berawan
2022-07-27,0.0,Berawan
2022-07-28,0.0,Berawan
2022-07-29,0.0,Berawan
2022-07-30,0.0,Berawan
2022-07-31,0.0,Berawan
2022-08-01,0.0,Berawan
2022-08-02,0.0,Berawan
2022-08-03,0.0,Berawan
2022-08-04,0.0,Berawan
2022-08-05,0.0,Berawan
2022-08-06,0.0,Berawan
2022-08-07,0.0,Berawan
2022-08-08,0.0,Berawan
2022-08-09,0.0,Berawan
2022-08-10,0.0,Berawan
2022-08-11,0.0,Berawan
2022-08-12,0.0,Berawan
2022-08-13,0.0,Berawan
2022-08-14,59.4,Hujan Lebat
2022-08-15,0.6,Berawan
2022-08-16,0.0,Berawan
2022-08-17,0.0,Berawan
2022-08-18,0.0,Berawan
2022-08-19,0.0,Berawan
2022-08-20,0.4,Berawan
2022-08-21,0.4,Berawan
2022-08-22,0.0,Berawan
2022-08-23,0.0,Berawan
2022-08-24,0.0,Berawan
2022-08-25,0.0,Berawan
2022-08-26,0.0,Berawan
2022-08-27,0.0,Berawan
2022-08-28,0.0,Berawan
2022-08-29,0.0,Berawan
2022-08-30,0.0,Berawan
2022-08-31,0.0,Berawan
2022-09-01,0.0,Berawan
2022-09-02,0.0,Berawan
2022-09-03,0.0,Berawan
2022-09-04,0.0,Berawan
2022-09-05,0.0,Berawan
2022-09-06,0.0,Berawan
2022-09-07,0.0,Berawan
2022-09-08,0.0,Berawan
2022-09-09,0.0,Berawan
2022-09-10,0.0,Berawan
2022-09-11,81.0,Hujan Lebat
2022-09-12,0.8,Berawan
2022-09-13,0.0,Berawan
2022-09-14,0.0,Berawan
2022-09-15,0.0,Berawan
2022-09-16,0.0,Berawan
2022-09-17,0.0,Berawan
2022-09-18,0.0,Berawan
2022-09-19,205.4,Hujan Sangat Lebat
2022-09-20,0.0,Berawan
2022-09-21,0.0,Berawan
2022-09-22,0.0,Berawan
2022-09-23,1951.2,Hujan Sangat Lebat
2022-09-24,1466.2,Hujan Sangat Lebat
2022-09-25,27.6,Hujan Sedang
2022-09-26,0.0,Berawan
2022-09-27,0.0,Berawan
2022-09-28,0.0,Berawan
2022-09-29,2024.0,Hujan Sangat Lebat
2022-09-30,768.4,Hujan Sangat Lebat
2022-10-01,1560.8,Hujan Sangat Lebat
2022-10-02,976.4,Hujan Sangat Lebat
2022-10-03,22.6,Hujan Sedang
2022-10-04,0.2,Berawan
2022-10-05,0.0,Berawan
2022-10-06,3768.6,Hujan Sangat Lebat
2022-10-07,243.4,Hujan Sangat Lebat
2022-10-08,0.0,Berawan
2022-10-09,0.0,Berawan
2022-10-10,76.60000000000001,Hujan Lebat
2022-10-11,0.8,Berawan
2022-10-12,0.0,Berawan
2022-10-13,0.0,Berawan
2022-10-14,0.0,Berawan
2022-10-15,18.0,Hujan Ringan
2022-10-16,22.200000000000003,Hujan Sedang
2022-10-17,0.0,Berawan
2022-10-18,2.6,Berawan
2022-10-19,2327.4,Hujan Sangat Lebat
2022-10-20,2172.0,Hujan Sangat Lebat
2022-10-21,1684.8,Hujan Sangat Lebat
2022-10-22,4987.2,Hujan Sangat Lebat
2022-10-23,30.0,Hujan Sedang
2022-10-24,3330.4,Hujan Sangat Lebat
2022-10-25,123.0,Hujan Sangat Lebat
2022-10-26,363.4,Hujan Sangat Lebat
2022-10-27,1254.3999999999999,Hujan Sangat Lebat
2022-10-28,0.0,Berawan
2022-10-29,0.0,Berawan
2022-10-30,0.0,Berawan
2022-10-31,0.0,Berawan
2022-11-01,0.0,Berawan
2022-11-02,0.0,Berawan
2022-11-03,0.0,Berawan
2022-11-04,55.8,Hujan Lebat
2022-11-05,0.0,Berawan
2022-11-06,0.0,Berawan
2022-11-07,215.79999999999998,Hujan Sangat Lebat
2022-11-08,253.6,Hujan Sangat Lebat
2022-11-09,17.0,Hujan Ringan
2022-11-10,5271.6,Hujan Sangat Lebat
2022-11-11,101.0,Hujan Sangat Lebat
2022-11-12,196.2,Hujan Sangat Lebat
2022-11-13,3.4,Berawan
2022-11-14,198.4,Hujan Sangat Lebat
2022-11-15,56.199999999999996,Hujan Lebat
2022-11-16,633.2,Hujan Sangat Lebat
2022-11-17,0.0,Berawan
2022-11-18,1240.3999999999999,Hujan Sangat Lebat
2022-11-19,0.0,Berawan
2022-11-20,0.0,Berawan
2022-11-21,577.1999999999999,Hujan Sangat Lebat
2022-11-22,24.400000000000002,Hujan Sedang
2022-11-23,5310.6,Hujan Sangat Lebat
2022-11-24,57.4,Hujan Lebat
2022-11-25,0.0,Berawan
2022-11-26,0.0,Berawan
2022-11-27,0.0,Berawan
2022-11-28,0.0,Berawan
2022-11-29,0.0,Berawan
2022-11-30,0.0,Berawan
2022-12-01,0.0,Berawan
2022-12-02,2777.7999999999997,Hujan Sangat Lebat
2022-12-03,354.40000000000003,Hujan Sangat Lebat
2022-12-04,3.2,Berawan
2022-12-05,0.0,Berawan
2022-12-06,270.0,Hujan Sangat Lebat
2022-12-07,2096.2000000000003,Hujan Sangat Lebat
2022-12-08,27.200000000000003,Hujan Sedang
2022-12-09,238.0,Hujan Sangat Lebat
2022-12-10,17.8,Hujan Ringan
2022-12-11,0.2,Berawan
2022-12-12,0.0,Berawan
2022-12-13,0.0,Berawan
2022-12-14,0.0,Berawan
2022-12-15,63.4,Hujan Lebat
2022-12-16,2057.4,Hujan Sangat Lebat
2022-12-17,49.800000000000004,Hujan Sedang
2022-12-18,75.60000000000001,Hujan Lebat
2022-12-19,2.2,Berawan
2022-12-20,239.99999999999997,Hujan Sangat Lebat
2022-12-21,50.0,Hujan Sedang
2022-12-22,5741.2,Hujan Sangat Lebat
2022-12-23,72.8,Hujan Lebat
2022-12-24,108.6,Hujan Sangat Lebat
2022-12-25,79.2,Hujan Lebat
2022-12-26,76.2,Hujan Lebat
2022-12-27,19.0,Hujan Ringan
2022-12-28,1008.2,Hujan Sangat Lebat
2022-12-29,0.0,Berawan
2022-12-30,0.0,Berawan
2022-12-31,132.0,Hujan Sangat Lebat
2023-01-01,41.800000000000004,Hujan Sedang
2023-01-02,755.4,Hujan Sangat Lebat
2023-01-03,158.0,Hujan Sangat Lebat
2023-01-04,3.4,Berawan
2023-01-05,40.2,Hujan Sedang
2023-01-06,0.4,Berawan
2023-01-07,0.0,Berawan
2023-01-08,22.400000000000002,Hujan Sedang
2023-01-09,0.2,Berawan
2023-01-10,0.0,Berawan
2023-01-11,0.0,Berawan
2023-01-12,0.0,Berawan
2023-01-13,0.0,Berawan
2023-01-14,0.0,Berawan
2023-01-15,0.0,Berawan
2023-01-16,108.2,Hujan Sangat Lebat
2023-01-17,258.8,Hujan Sangat Lebat
2023-01-18,187.6,Hujan Sangat Lebat
2023-01-19,816.6,Hujan Sangat Lebat
2023-01-20,22.400000000000002,Hujan Sedang
2023-01-21,132.0,Hujan Sangat Lebat
2023-01-22,20.8,Hujan Sedang
2023-01-23,489.79999999999995,Hujan Sangat Lebat
2023-01-24,682.4,Hujan Sangat Lebat
2023-01-25,26.799999999999997,Hujan Sedang
2023-01-26,217.8,Hujan Sangat Lebat
2023-01-27,93.6,Hujan Lebat
2023-01-28,255.2,Hujan Sangat Lebat
2023-01-29,0.0,Berawan
2023-01-30,0.0,Berawan
2023-01-31,338.8,Hujan Sangat Lebat
2023-02-01,193.8,Hujan Sangat Lebat
2023-02-02,1795.2,Hujan Sangat Lebat
2023-02-03,5592.599999999999,Hujan Sangat Lebat
2023-02-04,44.4,Hujan Sedang
2023-02-05,0.0,Berawan
2023-02-06,0.0,Berawan
2023-02-07,474.2,Hujan Sangat Lebat
2023-02-08,0.0,Berawan
2023-02-09,0.0,Berawan
2023-02-10,36.4,Hujan Sedang
2023-02-11,1095.0,Hujan Sangat Lebat
2023-02-12,54.6,Hujan Lebat
2023-02-13,0.0,Berawan
2023-02-14,0.0,Berawan
2023-02-15,1373.3999999999999,Hujan Sangat Lebat
2023-02-16,36.0,Hujan Sedang
2023-02-17,97.0,Hujan Lebat
2023-02-18,611.4,Hujan Sangat Lebat
2023-02-19,866.1999999999999,Hujan Sangat Lebat
2023-02-20,2097.0,Hujan Sangat Lebat
2023-02-21,3537.8,Hujan Sangat Lebat
2023-02-22,286.2,Hujan Sangat Lebat
2023-02-23,28.400000000000002,Hujan Sedang
2023-02-24,0.6,Berawan
2023-02-25,584.0,Hujan Sangat Lebat
2023-02-26,761.0,Hujan Sangat Lebat
2023-02-27,150.60000000000002,Hujan Sangat Lebat
2023-02-28,1310.6000000000001,Hujan Sangat Lebat
2023-03-01,944.6,Hujan Sangat Lebat
2023-03-02,209.0,Hujan Sangat Lebat
2023-03-03,1274.0,Hujan Sangat Lebat
2023-03-04,300.8,Hujan Sangat Lebat
2023-03-05,928.0,Hujan Sangat Lebat
2023-03-06,243.2,Hujan Sangat Lebat
2023-03-07,1682.2,Hujan Sangat Lebat
2023-03-08,433.0,Hujan Sangat Lebat
2023-03-09,52.400000000000006,Hujan Lebat
2023-03-10,25.200000000000003,Hujan Sedang
2023-03-11,0.2,Berawan
2023-03-12,2182.7999999999997,Hujan Sangat Lebat
2023-03-13,116.60000000000001,Hujan Sangat Lebat
2023-03-14,48.8,Hujan Sedang
2023-03-15,1.0,Berawan
2023-03-16,0.0,Berawan
2023-03-17,0.0,Berawan
2023-03-18,78.39999999999999,Hujan Lebat
2023-03-19,4.0,Berawan
2023-03-20,0.0,Berawan
2023-03-21,2915.4,Hujan Sangat Lebat
2023-03-22,57.2,Hujan Lebat
2023-03-23,431.8,Hujan Sangat Lebat
2023-03-24,42.800000000000004,Hujan Sedang
2023-03-25,4033.4,Hujan Sangat Lebat
2023-03-26,14.200000000000001,Hujan Ringan
2023-03-27,0.0,Berawan
2023-03-28,168.6,Hujan Sangat Lebat
2023-03-29,453.2,Hujan Sangat Lebat
2023-03-30,746.2,Hujan Sangat Lebat
2023-03-31,50.0,Hujan Sedang
2023-04-01,3.6,Berawan
2023-04-02,0.0,Berawan
2023-04-03,0.0,Berawan
2023-04-04,111.4,Hujan Sangat Lebat
2023-04-05,875.4,Hujan Sangat Lebat
2023-04-06,14.2,Hujan Ringan
2023-04-07,983.0000000000001,Hujan Sangat Lebat
2023-04-08,0.0,Berawan
2023-04-09,935.4000000000001,Hujan Sangat Lebat
2023-04-10,18.6,Hujan Ringan
2023-04-11,0.2,Berawan
2023-04-12,0.0,Berawan
2023-04-13,0.0,Berawan
2023-04-14,0.0,Berawan
2023-04-15,0.0,Berawan
2023-04-16,0.0,Berawan
2023-04-17,0.0,Berawan
2023-04-18,0.0,Berawan
2023-04-19,0.0,Berawan
2023-04-20,604.4,Hujan Sangat Lebat
2023-04-21,37.800000000000004,Hujan Sedang
2023-04-22,514.8,Hujan Sangat Lebat
2023-04-23,2174.8,Hujan Sangat Lebat
2023-04-24,321.2,Hujan Sangat Lebat
2023-04-25,0.0,Berawan
2023-04-26,0.0,Berawan
2023-04-27,0.0,Berawan
2023-04-28,0.0,Berawan
2023-04-29,0.0,Berawan
2023-04-30,43.599999999999994,Hujan Sedang
2023-05-01,0.0,Berawan
2023-05-02,0.0,Berawan
2023-05-03,121.39999999999999,Hujan Sangat Lebat
2023-05-04,0.0,Berawan
2023-05-05,0.0,Berawan
2023-05-06,0.0,Berawan
2023-05-07,0.0,Berawan
2023-05-08,1367.0,Hujan Sangat Lebat
2023-05-09,43.0,Hujan Sedang
2023-05-10,0.2,Berawan
2023-05-11,71.2,Hujan Lebat
2023-05-12,46.599999999999994,Hujan Sedang
2023-05-13,1420.8,Hujan Sangat Lebat
2023-05-14,22.4,Hujan Sedang
2023-05-15,0.0,Berawan
2023-05-16,0.0,Berawan
2023-05-17,67.4,Hujan Lebat
2023-05-18,482.0,Hujan Sangat Lebat
2023-05-19,18.2,Hujan Ringan
2023-05-20,0.2,Berawan
2023-05-21,0.0,Berawan
2023-05-22,0.0,Berawan
2023-05-23,0.0,Berawan
2023-05-24,76.0,Hujan Lebat
2023-05-25,115.0,Hujan Sangat Lebat
2023-05-26,470.20000000000005,Hujan Sangat Lebat
2023-05-27,1924.8,Hujan Sangat Lebat
2023-05-28,3498.6,Hujan Sangat Lebat
2023-05-29,219.0,Hujan Sangat Lebat
2023-05-30,0.0,Berawan
2023-05-31,0.0,Berawan
2023-06-01,1805.6,Hujan Sangat Lebat
2023-06-02,0.0,Berawan
2023-06-03,0.0,Berawan
2023-06-04,0.0,Berawan
2023-06-05,0.0,Berawan
2023-06-06,291.0,Hujan Sangat Lebat
2023-06-07,49.0,Hujan Sedang
2023-06-08,340.8,Hujan Sangat Lebat
2023-06-09,0.0,Berawan
2023-06-10,0.0,Berawan
2023-06-11,0.0,Berawan
2023-06-12,0.0,Berawan
2023-06-13,303.40000000000003,Hujan Sangat Lebat
2023-06-14,1634.2,Hujan Sangat Lebat
2023-06-15,980.8,Hujan Sangat Lebat
2023-06-16,26.2,Hujan Sedang
2023-06-17,2.8000000000000003,Berawan
2023-06-18,1987.6000000000001,Hujan Sangat Lebat
2023-06-19,680.6,Hujan Sangat Lebat
2023-06-20,7.6,Hujan Ringan
2023-06-21,0.0,Berawan
2023-06-22,54.8,Hujan Lebat
2023-06-23,25.8,Hujan Sedang
2023-06-24,27.2,Hujan Sedang
2023-06-25,3.8,Berawan
2023-06-26,0.0,Berawan
2023-06-27,0.0,Berawan
2023-06-28,0.0,Berawan
2023-06-29,0.0,Berawan
2023-06-30,52.8,Hujan Lebat
2023-07-01,0.0,Berawan
2023-07-02,0.0,Berawan
2023-07-03,0.0,Berawan
2023-07-04,90.2,Hujan Lebat
2023-07-05,1.0,Berawan
2023-07-06,0.0,Berawan
2023-07-07,0.0,Berawan
2023-07-08,1452.4,Hujan Sangat Lebat
2023-07-09,2652.8,Hujan Sangat Lebat
2023-07-10,1430.4,Hujan Sangat Lebat
2023-07-11,83.0,Hujan Lebat
2023-07-12,0.2,Berawan
2023-07-13,0.0,Berawan
2023-07-14,0.0,Berawan
2023-07-15,0.0,Berawan
2023-07-16,747.4,Hujan Sangat Lebat
2023-07-17,0.0,Berawan
2023-07-18,0.0,Berawan
2023-07-19,0.0,Berawan
2023-07-20,0.0,Berawan
2023-07-21,0.0,Berawan
2023-07-22,0.0,Berawan
2023-07-23,0.0,Berawan
2023-07-24,0.0,Berawan
2023-07-25,0.0,Berawan
2023-07-26,0.0,Berawan
2023-07-27,0.0,Berawan
2023-07-28,0.0,Berawan
2023-07-29,0.0,Berawan
2023-07-30,0.0,Berawan
2023-07-31,0.0,Berawan
2023-08-01,0.0,Berawan
2023-08-02,0.0,Berawan
2023-08-03,76.2,Hujan Lebat
2023-08-04,0.4,Berawan
2023-08-05,0.0,Berawan
2023-08-06,0.0,Berawan
2023-08-07,0.0,Berawan
2023-08-08,0.0,Berawan
2023-08-09,0.0,Berawan
2023-08-10,0.0,Berawan
2023-08-11,0.0,Berawan
2023-08-12,0.0,Berawan
2023-08-13,0.0,Berawan
2023-08-14,0.0,Berawan
2023-08-15,0.0,Berawan
2023-08-16,0.0,Berawan
2023-08-17,0.0,Berawan
2023-08-18,0.0,Berawan
2023-08-19,0.0,Berawan
2023-08-20,0.0,Berawan
2023-08-21,0.0,Berawan
2023-08-22,0.0,Berawan
2023-08-23,0.0,Berawan
2023-08-24,0.0,Berawan
2023-08-25,0.0,Berawan
2023-08-26,117.0,Hujan Sangat Lebat
2023-08-27,0.0,Berawan
2023-08-28,0.0,Berawan
2023-08-29,0.0,Berawan
2023-08-30,0.0,Berawan
2023-08-31,0.0,Berawan
2023-09-01,0.0,Berawan
2023-09-02,0.0,Berawan
2023-09-03,0.0,Berawan
2023-09-04,0.0,Berawan
2023-09-05,0.0,Berawan
2023-09-06,0.0,Berawan
2023-09-07,0.0,Berawan
2023-09-08,0.0,Berawan
2023-09-09,0.0,Berawan
2023-09-10,0.0,Berawan
2023-09-11,0.0,Berawan
2023-09-12,0.0,Berawan
2023-09-13,0.0,Berawan
2023-09-14,0.0,Berawan
2023-09-15,0.0,Berawan
2023-09-16,0.0,Berawan
2023-09-17,0.0,Berawan
2023-09-18,0.0,Berawan
2023-09-19,58.400000000000006,Hujan Lebat
2023-09-20,0.0,Berawan
2023-09-21,0.0,Berawan
2023-09-22,0.0,Berawan
2023-09-23,0.0,Berawan
2023-09-24,0.0,Berawan
2023-09-25,0.0,Berawan
2023-09-26,0.0,Berawan
2023-09-27,0.0,Berawan
2023-09-28,0.0,Berawan
2023-09-29,0.0,Berawan
2023-09-30,0.0,Berawan
2023-10-01,0.0,Berawan
2023-10-02,0.0,Berawan
2023-10-03,0.0,Berawan
2023-10-04,0.0,Berawan
2023-10-05,0.0,Berawan
2023-10-06,0.0,Berawan
2023-10-07,0.0,Berawan
2023-10-08,0.0,Berawan
2023-10-09,0.0,Berawan
2023-10-10,0.0,Berawan
2023-10-11,0.0,Berawan
2023-10-12,0.0,Berawan
2023-10-13,0.0,Berawan
2023-10-14,0.0,Berawan
2023-10-15,0.0,Berawan
2023-10-16,0.0,Berawan
2023-10-17,0.0,Berawan
2023-10-18,0.0,Berawan
2023-10-19,0.0,Berawan
2023-10-20,0.0,Berawan
2023-10-21,0.0,Berawan
2023-10-22,0.0,Berawan
2023-10-23,0.0,Berawan
2023-10-24,0.0,Berawan
2023-10-25,0.0,Berawan
2023-10-26,0.0,Berawan
2023-10-27,0.0,Berawan
2023-10-28,0.0,Berawan
2023-10-29,0.0,Berawan
2023-10-30,0.0,Berawan
2023-10-31,0.0,Berawan
2023-11-01,843.8,Hujan Sangat Lebat
2023-11-02,6.8,Hujan Ringan
2023-11-03,50.4,Hujan Lebat
2023-11-04,112.39999999999999,Hujan Sangat Lebat
2023-11-05,27.200000000000003,Hujan Sedang
2023-11-06,0.0,Berawan
2023-11-07,0.0,Berawan
2023-11-08,0.0,Berawan
2023-11-09,0.0,Berawan
2023-11-10,0.0,Berawan
2023-11-11,0.0,Berawan
2023-11-12,0.0,Berawan
2023-11-13,152.0,Hujan Sangat Lebat
2023-11-14,256.8,Hujan Sangat Lebat
2023-11-15,0.0,Berawan
2023-11-16,0.0,Berawan
2023-11-17,0.0,Berawan
2023-11-18,0.0,Berawan
2023-11-19,0.0,Berawan
2023-11-20,0.0,Berawan
2023-11-21,0.0,Berawan
2023-11-22,583.6,Hujan Sangat Lebat
2023-11-23,9.4,Hujan Ringan
2023-11-24,0.0,Berawan
2023-11-25,639.4,Hujan Sangat Lebat
2023-11-26,6.0,Hujan Ringan
2023-11-27,0.0,Berawan
2023-11-28,41.0,Hujan Sedang
2023-11-29,61.800000000000004,Hujan Lebat
2023-11-30,0.4,Berawan
2023-12-01,12.0,Hujan Ringan
2023-12-02,0.0,Berawan
2023-12-03,7.0,Hujan Ringan
2023-12-04,608.0,Hujan Sangat Lebat
2023-12-05,4.4,Berawan
2023-12-06,2296.2,Hujan Sangat Lebat
2023-12-07,23.2,Hujan Sedang
2023-12-08,0.0,Berawan
2023-12-09,51.4,Hujan Lebat
2023-12-10,0.6,Berawan
2023-12-11,0.0,Berawan
2023-12-12,0.0,Berawan
2023-12-13,0.0,Berawan
2023-12-14,0.0,Berawan
2023-12-15,0.0,Berawan
2023-12-16,0.0,Berawan
2023-12-17,0.0,Berawan
2023-12-18,0.0,Berawan
2023-12-19,0.0,Berawan
2023-12-20,0.0,Berawan
2023-12-21,141.8,Hujan Sangat Lebat
2023-12-22,78.6,Hujan Lebat
2023-12-23,1.0,Berawan
2023-12-24,0.0,Berawan
2023-12-25,0.0,Berawan
2023-12-26,2233.2,Hujan Sangat Lebat
2023-12-27,26.0,Hujan Sedang
2023-12-28,0.0,Berawan
2023-12-29,0.0,Berawan
2023-12-30,0.0,Berawan
2023-12-31,25.0,Hujan Sedang
2024-01-01,7.6,Hujan Ringan
2024-01-02,17.4,Hujan Ringan
2024-01-03,411.40000000000003,Hujan Sangat Lebat
2024-01-04,3308.2,Hujan Sangat Lebat
2024-01-05,1150.0,Hujan Sangat Lebat
2024-01-06,12.8,Hujan Ringan
2024-01-07,189.8,Hujan Sangat Lebat
2024-01-08,3757.0,Hujan Sangat Lebat
2024-01-09,40.8,Hujan Sedang
2024-01-10,40.0,Hujan Sedang
2024-01-11,291.0,Hujan Sangat Lebat
2024-01-12,70.2,Hujan Lebat
2024-01-13,30.200000000000003,Hujan Sedang
2024-01-14,128.8,Hujan Sangat Lebat
2024-01-15,393.2,Hujan Sangat Lebat
2024-01-16,771.4,Hujan Sangat Lebat
2024-01-17,11.4,Hujan Ringan
2024-01-18,2.8000000000000003,Berawan
2024-01-19,1134.8,Hujan Sangat Lebat
2024-01-20,9.4,Hujan Ringan
2024-01-21,0.0,Berawan
2024-01-22,0.0,Berawan
2024-01-23,0.0,Berawan
2024-01-24,0.0,Berawan
2024-01-25,153.0,Hujan Sangat Lebat
2024-01-26,313.4,Hujan Sangat Lebat
2024-01-27,2183.0,Hujan Sangat Lebat
2024-01-28,42.0,Hujan Sedang
2024-01-29,410.59999999999997,Hujan Sangat Lebat
2024-01-30,46.0,Hujan Sedang
2024-01-31,1665.0,Hujan Sangat Lebat
2024-02-01,1771.8,Hujan Sangat Lebat
2024-02-02,261.8,Hujan Sangat Lebat
2024-02-03,23.200000000000003,Hujan Sedang
2024-02-04,55.4,Hujan Lebat
2024-02-05,65.4,Hujan Lebat
2024-02-06,21.6,Hujan Sedang
2024-02-07,298.40000000000003,Hujan Sangat Lebat
2024-02-08,3.2,Berawan
2024-02-09,1204.8,Hujan Sangat Lebat
2024-02-10,228.00000000000003,Hujan Sangat Lebat
2024-02-11,163.6,Hujan Sangat Lebat
2024-02-12,1.8,Berawan
2024-02-13,42.0,Hujan Sedang
2024-02-14,0.6,Berawan
2024-02-15,18.0,Hujan Ringan
2024-02-16,25.200000000000003,Hujan Sedang
2024-02-17,806.8,Hujan Sangat Lebat
2024-02-18,269.2,Hujan Sangat Lebat
2024-02-19,193.6,Hujan Sangat Lebat
2024-02-20,1.8,Berawan
2024-02-21,481.6,Hujan Sangat Lebat
2024-02-22,12.4,Hujan Ringan
2024-02-23,0.0,Berawan
2024-02-24,5812.400000000001,Hujan Sangat Lebat
2024-02-25,3275.7999999999997,Hujan Sangat Lebat
2024-02-26,41.8,Hujan Sedang
2024-02-27,0.0,Berawan
2024-02-28,83.2,Hujan Lebat
2024-02-29,27.0,Hujan Sedang
2024-03-01,1557.8,Hujan Sangat Lebat
2024-03-02,962.8000000000001,Hujan Sangat Lebat
2024-03-03,386.0,Hujan Sangat Lebat
2024-03-04,33.0,Hujan Sedang
2024-03-05,0.0,Berawan
2024-03-06,0.0,Berawan
2024-03-07,5216.0,Hujan Sangat Lebat
2024-03-08,1253.0,Hujan Sangat Lebat
2024-03-09,0.0,Berawan
2024-03-10,726.8000000000001,Hujan Sangat Lebat
2024-03-11,350.8,Hujan Sangat Lebat
2024-03-12,4.8,Berawan
2024-03-13,8.4,Hujan Ringan
2024-03-14,774.4,Hujan Sangat Lebat
2024-03-15,29.8,Hujan Sedang
2024-03-16,151.2,Hujan Sangat Lebat
2024-03-17,128.6,Hujan Sangat Lebat
2024-03-18,1.2,Berawan
2024-03-19,0.0,Berawan
2024-03-20,0.0,Berawan
2024-03-21,251.6,Hujan Sangat Lebat
2024-03-22,93.6,Hujan Lebat
2024-03-23,1.4,Berawan
2024-03-24,0.0,Berawan
2024-03-25,213.8,Hujan Sangat Lebat
2024-03-26,5.4,Hujan Ringan
2024-03-27,1908.4,Hujan Sangat Lebat
2024-03-28,492.6,Hujan Sangat Lebat
2024-03-29,955.0000000000001,Hujan Sangat Lebat
2024-03-30,31.400000000000002,Hujan Sedang
2024-03-31,438.4,Hujan Sangat Lebat
2024-04-01,0.0,Berawan
2024-04-02,0.0,Berawan
2024-04-03,836.2,Hujan Sangat Lebat
2024-04-04,300.0,Hujan Sangat Lebat
2024-04-05,155.6,Hujan Sangat Lebat
2024-04-06,2.4,Berawan
2024-04-07,0.0,Berawan
2024-04-08,0.0,Berawan
2024-04-09,27.400000000000002,Hujan Sedang
2024-04-10,11.6,Hujan Ringan
2024-04-11,869.8,Hujan Sangat Lebat
2024-04-12,37.2,Hujan Sedang
2024-04-13,0.0,Berawan
2024-04-14,658.6,Hujan Sangat Lebat
2024-04-15,7.0,Hujan Ringan
2024-04-16,23.8,Hujan Sedang
2024-04-17,39.0,Hujan Sedang
2024-04-18,157.0,Hujan Sangat Lebat
2024-04-19,388.6,Hujan Sangat Lebat
2024-04-20,943.0,Hujan Sangat Lebat
2024-04-21,947.2,Hujan Sangat Lebat
2024-04-22,239.8,Hujan Sangat Lebat
2024-04-23,302.0,Hujan Sangat Lebat
2024-04-24,7.2,Hujan Ringan
2024-04-25,206.4,Hujan Sangat Lebat
2024-04-26,2555.4,Hujan Sangat Lebat
2024-04-27,398.40000000000003,Hujan Sangat Lebat
2024-04-28,27.400000000000002,Hujan Sedang
2024-04-29,304.8,Hujan Sangat Lebat
2024-04-30,0.0,Berawan
2024-05-01,6.0,Hujan Ringan
2024-05-02,0.2,Berawan
2024-05-03,172.4,Hujan Sangat Lebat
2024-05-04,223.8,Hujan Sangat Lebat
2024-05-05,2.6,Berawan
2024-05-06,100.0,Hujan Lebat
2024-05-07,4.0,Berawan
2024-05-08,4082.2000000000003,Hujan Sangat Lebat
2024-05-09,34.2,Hujan Sedang
2024-05-10,116.0,Hujan Sangat Lebat
2024-05-11,518.8,Hujan Sangat Lebat
2024-05-12,5.6,Hujan Ringan
2024-05-13,420.0,Hujan Sangat Lebat
2024-05-14,937.4,Hujan Sangat Lebat
2024-05-15,8.6,Hujan Ringan
2024-05-16,0.0,Berawan
2024-05-17,0.0,Berawan
2024-05-18,2937.4,Hujan Sangat Lebat
2024-05-19,25.6,Hujan Sedang
2024-05-20,0.0,Berawan
2024-05-21,0.2,Berawan
2024-05-22,2643.2000000000003,Hujan Sangat Lebat
2024-05-23,127.60000000000001,Hujan Sangat Lebat
2024-05-24,282.2,Hujan Sangat Lebat
2024-05-25,8.6,Hujan Ringan
2024-05-26,0.0,Berawan
2024-05-27,0.0,Berawan
2024-05-28,0.0,Berawan
2024-05-29,326.0,Hujan Sangat Lebat
2024-05-30,6.4,Hujan Ringan
2024-05-31,0.0,Berawan
2024-06-01,0.0,Berawan
2024-06-02,23.200000000000003,Hujan Sedang
2024-06-03,196.6,Hujan Sangat Lebat
2024-06-04,852.0,Hujan Sangat Lebat
2024-06-05,10.8,Hujan Ringan
2024-06-06,0.0,Berawan
2024-06-07,232.39999999999998,Hujan Sangat Lebat
2024-06-08,2.8,Berawan
2024-06-09,0.0,Berawan
2024-06-10,25.4,Hujan Sedang
2024-06-11,2.6,Berawan
2024-06-12,304.59999999999997,Hujan Sangat Lebat
2024-06-13,2123.6,Hujan Sangat Lebat
2024-06-14,42.800000000000004,Hujan Sedang
2024-06-15,55.400000000000006,Hujan Lebat
2024-06-16,0.4,Berawan
2024-06-17,0.0,Berawan
2024-06-18,0.0,Berawan
2024-06-19,0.0,Berawan
2024-06-20,0.0,Berawan
2024-06-21,0.0,Berawan
2024-06-22,0.0,Berawan
2024-06-23,0.0,Berawan
2024-06-24,0.0,Berawan
2024-06-25,0.0,Berawan
2024-06-26,21.200000000000003,Hujan Sedang
2024-06-27,195.00000000000003,Hujan Sangat Lebat
2024-06-28,2173.2,Hujan Sangat Lebat
2024-06-29,21.0,Hujan Sedang
2024-06-30,0.0,Berawan
2024-07-01,0.0,Berawan
2024-07-02,0.0,Berawan
2024-07-03,81.2,Hujan Lebat
2024-07-04,28.0,Hujan Sedang
2024-07-05,1873.2,Hujan Sangat Lebat
2024-07-06,305.0,Hujan Sangat Lebat
2024-07-07,4.2,Berawan
2024-07-08,2472.6,Hujan Sangat Lebat
2024-07-09,50.2,Hujan Lebat
2024-07-10,8.200000000000001,Hujan Ringan
2024-07-11,0.0,Berawan
2024-07-12,0.0,Berawan
2024-07-13,0.0,Berawan
2024-07-14,0.0,Berawan
2024-07-15,0.0,Berawan
2024-07-16,0.0,Berawan
2024-07-17,0.2,Berawan
2024-07-18,244.4,Hujan Sangat Lebat
2024-07-19,2.0,Berawan
2024-07-20,0.0,Berawan
2024-07-21,0.0,Berawan
2024-07-22,0.0,Berawan
2024-07-23,0.0,Berawan
2024-07-24,0.0,Berawan
2024-07-25,0.0,Berawan
2024-07-26,0.0,Berawan
2024-07-27,0.0,Berawan
2024-07-28,0.0,Berawan
2024-07-29,0.0,Berawan
2024-07-30,0.0,Berawan
2024-07-31,0.0,Berawan
2024-08-01,555.0,Hujan Sangat Lebat
2024-08-02,801.4,Hujan Sangat Lebat
2024-08-03,1067.4,Hujan Sangat Lebat
2024-08-04,33.0,Hujan Sedang
2024-08-05,0.2,Berawan
2024-08-06,0.0,Berawan
2024-08-07,20.200000000000003,Hujan Sedang
2024-08-08,311.2,Hujan Sangat Lebat
2024-08-09,2.6,Berawan
2024-08-10,0.0,Berawan
2024-08-11,0.0,Berawan
2024-08-12,0.0,Berawan
2024-08-13,0.0,Berawan
2024-08-14,0.0,Berawan
2024-08-15,0.0,Berawan
2024-08-16,0.0,Berawan
2024-08-17,0.0,Berawan
2024-08-18,0.0,Berawan
2024-08-19,0.0,Berawan
2024-08-20,0.0,Berawan
2024-08-21,0.0,Berawan
2024-08-22,0.0,Berawan
2024-08-23,0.0,Berawan
2024-08-24,0.0,Berawan
2024-08-25,0.0,Berawan
2024-08-26,0.0,Berawan
2024-08-27,0.0,Berawan
2024-08-28,0.0,Berawan
2024-08-29,0.0,Berawan
2024-08-30,0.0,Berawan
2024-08-31,0.0,Berawan
